{"board_width": 20, "board_height": 20, "population_size": 50, "generations": 1000, "cxpb": 0.7, "mutpb": 0.2, "indpb": 0.2, "seed": 42, "visualization_steps": [0, 10, 20, 30, 40, 50, 60, 70, 80, 90, 100], "components": [{"width": 1, "height": 1}, {"width": 7, "height": 2}, {"width": 8, "height": 9}, {"width": 2, "height": 3}], "connections": [[0, 1], [0, 3], [1, 3], [1, 2]], "fitness": [23.33509624639141, 13.58036660202907, 13.061524123825414, 13.061524123825414, 13.061524123825414, 13.061524123825414, 13.061524123825414, 13.061524123825414, 12.52268050859363, 12.52268050859363, 12.52268050859363]}