{"board_width":20,"board_height":20,"population_size":50,"generations":1000,"cxpb":0.7,"mutpb":0.2,"indpb":0.2,"seed":42,"visualization_steps":[0,10,20,30,40,50,60,70,80,90,100],"components":[{"width":1,"height":1},{"width":7,"height":2},{"width":8,"height":9},{"width":2,"height":3}],"connections":[[0,1],[0,3],[1,3],[1,2]],"fitness":[26.096146792177358,14.33167091023694,12.64827973865976,12.3500913891056,12.3500913891056,12.3500913891056,12.3500913891056,12.3500913891056,12.3500913891056,11.951304908121172,11.660572326401615]}